{
	"name": "ui.spinner",
	"title": "jQuery UI Spinner",
	"description": "Displays buttons to easily input numbers via the keyboard or mouse.",
	"keywords": [
		"ui",
		"spinner",
		"form",
		"number",
		"spinbutton",
		"stepper"
	],
	"version": "1.10.3pre",
	"author": {
		"name": "jQuery Foundation and other contributors",
		"url": "https://github.com/jquery/jquery-ui/blob/master/AUTHORS.txt"
	},
	"maintainers": [
		{
			"name": "Scott González",
			"email": "scott.gonzalez@gmail.com",
			"url": "http://scottgonzalez.com"
		},
		{
			"name": "Jörn Zaefferer",
			"email": "joern.zaefferer@gmail.com",
			"url": "http://bassistance.de"
		},
		{
			"name": "Kris Borchers",
			"email": "kris.borchers@gmail.com",
			"url": "http://krisborchers.com"
		},
		{
			"name": "Corey Frang",
			"email": "gnarf37@gmail.com",
			"url": "http://gnarf.net"
		},
		{
			"name": "Mike Sherov",
			"email": "mike.sherov@gmail.com",
			"url": "http://mike.sherov.com"
		},
		{
			"name": "TJ VanToll",
			"email": "tj.vantoll@gmail.com",
			"url": "http://tjvantoll.com"
		}
	],
	"licenses": [
		{
			"type": "MIT",
			"url": "https://github.com/jquery/jquery-ui/blob/master/MIT-LICENSE.txt"
		}
	],
	"bugs": "http://bugs.jqueryui.com/",
	"homepage": "http://jqueryui.com/spinner/",
	"demo": "http://jqueryui.com/spinner/",
	"docs": "http://api.jqueryui.com/spinner/",
	"download": "http://jqueryui.com/download/",
	"dependencies": {
		"jquery": ">=1.6",
		"ui.core": "1.10.3pre",
		"ui.widget": "1.10.3pre",
		"ui.button": "1.10.3pre"
	},
	"category": "widget"
}
